date, GYTH, KLPO, UHYJ, ERTD
2020-01-01, 151.1548991373019, 348.48149127816976, 1009.5379620832304, 68.56682235821067
2020-01-02, 149.83826255271717, 348.49349127816976, 1019.5230474851437, 67.11350013803029
2020-01-03, 149.84826255271716, 349.66669434714566, 1019.5290474851437, 67.13750013803029
2020-01-04, 150.9737916328245, 352.12289299866364, 1025.9618802380935, 67.16150013803029
2020-01-05, 150.75105459751094, 348.7331975511268, 1024.5215414070374, 65.68465819960132
2020-01-06, 149.83977984852487, 348.7451975511268, 1026.6428591319723, 65.70865819960132
2020-01-07, 150.57447797770186, 351.094158481532, 1028.2446953549072, 65.13484484512185
2020-01-08, 150.6915030857297, 351.106158481532, 1028.38955013648, 65.15884484512185
2020-01-09, 150.70150308572968, 353.55486259801484, 1029.370441334486, 64.04999565549156
2020-01-10, 150.85325201496528, 353.56686259801484, 1036.5076586083294, 62.617024054177
2020-01-11, 150.00428203101498, 353.57886259801484, 1043.6904034439142, 62.94264162630539
2020-01-12, 150.01428203101497, 353.59086259801484, 1038.7915988146635, 61.95520927728671
2020-01-13, 149.71265037508212, 353.60286259801484, 1034.4916365562908, 63.42806060813937
2020-01-14, 150.6177627655189, 353.61486259801484, 1035.8353473987702, 65.427454777881
2020-01-15, 150.6277627655189, 353.62686259801484, 1034.4052408645007, 65.90549433583978
2020-01-16, 150.6377627655189, 352.6128466363324, 1038.2786076234174, 65.01810022661535
2020-01-17, 151.00972328189152, 352.6248466363324, 1033.8249865500563, 65.04210022661535
2020-01-18, 151.01972328189152, 352.6368466363324, 1035.656477909764, 64.49334971714016
2020-01-19, 151.0423601430511, 352.6488466363324, 1035.662477909764, 64.26105355977106
2020-01-20, 150.97583785047436, 350.48705112092335, 1040.0771380639749, 65.81281728372487
2020-01-21, 152.40838566224795, 350.49905112092335, 1037.594582221984, 67.06897747911188
2020-01-22, 155.16988783856516, 350.51105112092336, 1037.2076409777549, 68.43791457023191
2020-01-23, 156.49472314057317, 346.33809151519154, 1049.3103112538379, 68.69132890534247
2020-01-24, 156.2011830627913, 343.08041882660683, 1049.316311253838, 70.34298027167225
2020-01-25, 156.2111830627913, 343.09241882660683, 1059.3639943028534, 69.15162153246708
2020-01-26, 156.22118306279128, 344.08326727081294, 1053.8428734249078, 69.15994712036057
2020-01-27, 157.72158977963937, 344.09526727081294, 1059.1701747116372, 69.29635030566905
2020-01-28, 157.97397446497882, 344.10726727081294, 1069.6513134288828, 68.32480275926892
2020-01-29, 157.98397446497881, 352.0162292082304, 1074.471063516973, 66.9570536128178
2020-01-30, 159.722388526877, 350.89036484651746, 1079.8071643693554, 66.79680197839541
2020-01-31, 159.732388526877, 356.6113974756754, 1079.8131643693555, 69.77215011898983
2020-02-01, 161.31708389938228, 356.6233974756754, 1075.8775591435572, 70.72221130927784
2020-02-02, 162.8884409320645, 358.608438466372, 1081.4274561741272, 73.68448422807084
2020-02-03, 163.72928078416527, 360.7176663422031, 1079.0006728104886, 73.70848422807084
2020-02-04, 165.27009648011412, 363.754102669124, 1074.6080213263, 73.04351890931845
2020-02-05, 165.2800964801141, 363.766102669124, 1079.0162203719105, 73.72215933100037
2020-02-06, 164.21777059926833, 363.778102669124, 1075.7800418080537, 73.43287854109862
2020-02-07, 165.75685936589835, 362.30718967326436, 1075.7860418080538, 73.63682023134508
2020-02-08, 164.99505543292221, 370.80987029011925, 1070.2115933280106, 73.73055799696189
2020-02-09, 166.0219393465689, 370.82187029011925, 1072.5336414360354, 73.28391631926422
2020-02-10, 167.53966517624946, 371.1748789795981, 1074.5001456281448, 74.20921261723305
2020-02-11, 166.2699002842628, 367.24586611599, 1069.7852120208152, 74.23321261723305
2020-02-12, 167.20542067914855, 367.5467290452979, 1069.7731977517524, 74.25721261723305
2020-02-13, 167.59039663740623, 371.529092027958, 1069.9351417310097, 74.28121261723305
2020-02-14, 167.83372776329117, 372.35583627332784, 1069.9411417310098, 76.57224329577933
2020-02-15, 167.84372776329116, 372.36783627332784, 1068.0821771829146, 76.59624329577933
2020-02-16, 166.67333327661333, 375.25500982931305, 1064.1177807553843, 76.15471414440871
2020-02-17, 167.1744692823262, 376.86610181528357, 1072.9255660804915, 79.37114977916033
2020-02-18, 166.56175020027212, 384.6261019833797, 1077.1698942629723, 80.99685869756566
2020-02-19, 166.5717502002721, 384.6381019833797, 1071.1019558115897, 80.11477610181133
2020-02-20, 165.78950221496657, 384.6501019833797, 1071.1079558115898, 81.42833316530206
2020-02-21, 164.98627621269247, 384.6621019833797, 1080.6455742112425, 81.45233316530206
2020-02-22, 164.29059738318867, 392.9184618800981, 1093.3259467675166, 81.47633316530207
2020-02-23, 164.17224476078889, 395.14679009871946, 1092.6835722239762, 82.58107011423697
2020-02-24, 165.29211748326648, 391.2738146587802, 1104.0122131160238, 83.59999858763906
2020-02-25, 166.40001370487548, 391.2858146587802, 1112.1617224055785, 84.5677914508394
2020-02-26, 167.4047466363561, 391.51599589852617, 1111.9274764595693, 84.5917914508394
2020-02-27, 168.64016032098434, 398.4950039966149, 1111.9334764595694, 86.64310505369221
2020-02-28, 169.208636584086, 398.5070039966149, 1111.9394764595695, 86.26546476335217
2020-02-29, 172.53611786955904, 403.3057142072109, 1117.097341942392, 88.87208018077958
2020-03-01, 172.54611786955903, 411.16310905344915, 1130.163888318215, 88.90243815048963
2020-03-02, 173.14521302096622, 411.17510905344915, 1136.6220410627566, 90.34907755523896
2020-03-03, 174.7883133208274, 411.18710905344915, 1136.6280410627567, 91.69817896735472
2020-03-04, 173.52080239512122, 411.8454614681338, 1135.790185513648, 95.04893945544664
2020-03-05, 174.55975207611536, 411.8574614681338, 1139.7745374026547, 95.712293212174
2020-03-06, 173.65810010267754, 418.1079239005892, 1137.1031725027462, 98.91367388913811
2020-03-07, 172.15697644538093, 418.1199239005892, 1135.3963765670253, 96.85875690628217
2020-03-08, 172.19460206936148, 418.55313212159183, 1135.4023765670254, 98.84923379659882
2020-03-09, 172.20460206936147, 416.739126547785, 1135.4083765670255, 97.08285305166073
2020-03-10, 172.50512934793105, 416.751126547785, 1136.391460968471, 95.2209437617763
2020-03-11, 172.02847172623422, 419.4346948569891, 1141.1925587812054, 99.3252657527439
2020-03-12, 171.46682145998443, 424.4593872340057, 1141.949662707391, 97.40679766692708
2020-03-13, 172.76800550920245, 424.5126100071941, 1147.5932552104618, 97.95436481597501
2020-03-14, 172.77800550920244, 427.4689101020324, 1160.0665625095967, 99.37318905962131
2020-03-15, 172.78800550920243, 436.95803689802676, 1160.0725625095968, 99.39718905962131
2020-03-16, 173.29897743657054, 439.95695914838217, 1169.5103865020951, 100.47151965419809
2020-03-17, 173.49993578070632, 439.77991603791355, 1171.5660571558183, 104.12047185759019
2020-03-18, 173.50993578070631, 439.79191603791355, 1178.5373816558372, 105.7021167635991
2020-03-19, 172.25327581102343, 444.5270537721423, 1178.5433816558373, 109.67621299461565
2020-03-20, 172.26327581102342, 440.86781674447724, 1174.4615422966833, 111.53323302067042
2020-03-21, 173.454201919183, 442.9014116092032, 1181.3856992717942, 113.8979755219333
2020-03-22, 174.3877629509748, 445.14280800770354, 1187.807327836033, 113.9219755219333
2020-03-23, 174.80171599875231, 441.46442096744266, 1187.813327836033, 115.77435818800221
2020-03-24, 174.8117159987523, 441.47642096744266, 1187.6749502739287, 114.621844716295
2020-03-25, 174.8217159987523, 442.21315457084535, 1201.5347768087631, 114.645844716295
2020-03-26, 174.8317159987523, 446.22862360367986, 1201.5407768087632, 112.10975812000686
2020-03-27, 175.10308125797462, 444.9388303693971, 1203.6368123077652, 110.0423087456232
2020-03-28, 173.67124262028662, 444.4890187723975, 1203.6428123077653, 113.62749925079277
2020-03-29, 172.9108278128614, 441.20838082681865, 1203.6488123077654, 111.75801886572359
2020-03-30, 172.9208278128614, 441.22038082681865, 1203.4613773617807, 114.13652252526725
2020-03-31, 173.09014280496277, 438.6825422336154, 1209.0544299741791, 114.57541944176371
2020-04-01, 174.1339609311091, 438.6945422336154, 1209.0604299741792, 114.59941944176371
2020-04-02, 172.8393220530618, 438.7065422336154, 1210.4634161812662, 116.67253477296764
2020-04-03, 174.8208470329868, 438.7185422336154, 1219.4089259762957, 115.88679706811332
2020-04-04, 174.83084703298678, 433.70402334023424, 1214.6134426330968, 113.32489873407702
2020-04-05, 174.84084703298677, 438.43993513239036, 1208.5585397619304, 113.34889873407703
2020-04-06, 174.85084703298676, 448.8911522863596, 1212.0313909846473, 113.37289873407703
2020-04-07, 173.50615296998677, 448.9031522863596, 1209.381480558901, 115.25250607594432
2020-04-08, 172.16499456578617, 454.0671557239623, 1209.3874805589012, 118.03881664034034
2020-04-09, 171.58898785400487, 454.0791557239623, 1214.3828611227477, 120.52868456101851
2020-04-10, 171.62249029236563, 454.0911557239623, 1218.1494877747698, 121.01813700279628
2020-04-11, 172.9715378097184, 454.1031557239623, 1220.601162160401, 124.46644081200586
2020-04-12, 175.1636046878653, 454.1151557239623, 1229.294790087491, 124.49044081200586
2020-04-13, 176.19110463040286, 448.85803379048855, 1238.1078592538847, 125.07800879713312
2020-04-14, 176.20110463040285, 448.87003379048855, 1239.6810491918286, 122.15445356631737
2020-04-15, 174.68980999849583, 448.88203379048855, 1239.6870491918287, 120.28059910511813
2020-04-16, 174.69980999849582, 455.1186551527362, 1244.2004817869633, 120.28225539389376
2020-04-17, 176.98742450817468, 454.83777560987096, 1244.7062419578579, 121.36291555334448
2020-04-18, 177.05828401351766, 458.7034293242544, 1243.3770400992826, 123.4335412582091
2020-04-19, 177.06828401351765, 463.9978775930762, 1243.3830400992827, 123.4575412582091
2020-04-20, 176.6887583228133, 468.00969956024176, 1243.3890400992827, 124.76974711329271
2020-04-21, 176.6535962451738, 464.90588354932646, 1250.3330084138113, 122.64941344370662
2020-04-22, 176.486617766568, 464.4713853911244, 1246.1952370870551, 122.67341344370662
2020-04-23, 175.35673253745395, 465.1642948599667, 1246.2012370870552, 126.12447234723507
2020-04-24, 173.68915148478305, 470.2806387390485, 1247.096017923681, 123.4505043182082
2020-04-25, 174.17218368914573, 471.53327539053515, 1259.4167061392877, 122.19794201141477
2020-04-26, 175.43708866307432, 472.6981382872008, 1262.8689316436385, 121.37484291267131
2020-04-27, 177.36822498383404, 472.97338897298187, 1268.4856386023023, 124.331481640291
2020-04-28, 178.2080373230939, 472.3310084762748, 1268.7259849075513, 125.47751384691307
2020-04-29, 181.54722606642022, 474.4896908613961, 1267.237897501785, 129.40492143074687
2020-04-30, 179.90149705179536, 478.9268584019534, 1262.9912428704017, 129.42892143074687
2020-05-01, 179.64908131049626, 477.44632645061813, 1262.9972428704018, 126.4031256768792
2020-05-02, 182.11656243931012, 479.4272846640724, 1266.8953760065506, 125.24811916515797
2020-05-03, 181.7860407521849, 477.2765800889925, 1266.9013760065507, 125.27211916515797
2020-05-04, 181.7960407521849, 480.5538725950522, 1272.2625538144598, 126.00602996644346
2020-05-05, 182.5007736213635, 480.5658725950522, 1272.26855381446, 126.03002996644346
2020-05-06, 182.01938842837936, 486.2067545492256, 1274.896103440375, 131.5819741467281
2020-05-07, 182.02938842837935, 486.2187545492256, 1281.3857249865555, 132.91213272456147
2020-05-08, 182.03938842837934, 495.5686301903532, 1296.45595354144, 130.34768932763473
2020-05-09, 182.01254880222712, 492.16685728882584, 1298.4530555139488, 131.26416939901074
2020-05-10, 182.0225488022271, 488.8998093462804, 1304.0816680859987, 131.28816939901074
2020-05-11, 180.22157031749595, 499.1356983715815, 1319.5260135474784, 136.74920966527782
2020-05-12, 180.63949369940494, 499.1476983715815, 1319.5320135474785, 138.25663128369462
2020-05-13, 178.8829292378508, 499.1596983715815, 1320.9362092087836, 142.15222281292034
2020-05-14, 178.89292923785078, 498.21076730066073, 1320.9422092087837, 140.30484650404838
2020-05-15, 180.3075397783891, 492.3359105500232, 1322.430194520973, 142.6067712970949
2020-05-16, 181.35572285418291, 495.8022245411631, 1330.4579930085363, 145.36851118356066
2020-05-17, 184.66071615010705, 495.8142245411631, 1326.3222800311164, 144.37020144562672
2020-05-18, 182.93476504555454, 500.0864353255653, 1320.3795144753396, 144.69736390617007
2020-05-19, 182.94476504555453, 499.1053080257822, 1315.6248089313344, 145.96740879466898
2020-05-20, 182.95476504555452, 499.1173080257822, 1313.6521277658212, 152.93322041602187
2020-05-21, 184.0245311489488, 502.8348027691257, 1313.6581277658213, 155.3941502552158
2020-05-22, 184.0345311489488, 501.2017226059971, 1313.6964408253536, 152.75053506733747
2020-05-23, 185.25397038992796, 496.8703249263904, 1314.0568884020984, 154.29406610308172
2020-05-24, 185.26397038992795, 499.890329026608, 1307.233117892657, 159.3536002502236
2020-05-25, 186.56374673192272, 496.98245044602555, 1308.8432411997403, 161.73029894361494
2020-05-26, 185.69306324718514, 493.306294750806, 1315.9748492138215, 161.75429894361494
2020-05-27, 186.29492821672721, 496.6846123912074, 1329.8449522074623, 167.25840112609632
2020-05-28, 187.6871098552942, 501.64884553399503, 1325.8532011198863, 168.84141444097204
2020-05-29, 190.08739558698238, 501.66084553399503, 1323.2992156982755, 168.86541444097205
2020-05-30, 189.84936999659175, 504.06411882480427, 1327.939676889149, 168.88941444097205
2020-05-31, 188.86167861956804, 513.3704466616182, 1327.5629742400342, 168.91341444097205
2020-06-01, 191.08136626920214, 524.1406315668628, 1334.1431665820212, 170.23641498105468
2020-06-02, 191.09136626920213, 528.3169957654014, 1339.7248304028303, 169.9005289045526
2020-06-03, 192.56443336250322, 528.3289957654014, 1339.7308304028304, 168.22064561850826
2020-06-04, 196.20708457841886, 538.7810609299067, 1349.689627586477, 165.4971631216545
2020-06-05, 196.7320405554625, 549.6017697684347, 1344.2541212254114, 165.53797931739263
2020-06-06, 197.6187175308506, 549.6137697684346, 1340.1694812350054, 165.50753851157506
2020-06-07, 198.1898932856794, 546.4168624877309, 1355.1012705294738, 166.2979553647089
2020-06-08, 196.3306232366375, 550.2992153534284, 1358.604510105368, 170.0985069393822
2020-06-09, 196.30081509680085, 550.3112153534283, 1363.1617389493074, 166.61981530646239
2020-06-10, 196.35328915102625, 550.4442105065212, 1363.1677389493075, 173.76024023171135
2020-06-11, 195.31461076275752, 556.8726793701611, 1357.5393208930975, 174.61727069299337
2020-06-12, 194.61464093141333, 556.884679370161, 1351.1599672598438, 175.1930602523306
2020-06-13, 195.17006086992382, 562.4813796357248, 1354.601433637137, 175.21090749287245
2020-06-14, 195.9261591708439, 562.4933796357248, 1361.7632287791155, 175.23490749287245
2020-06-15, 195.9361591708439, 562.5053796357247, 1365.7793626525638, 174.9320078171933
2020-06-16, 196.6471093341067, 562.5173796357246, 1367.6826527059206, 177.337568796019
2020-06-17, 200.0585914036392, 576.0206594296016, 1370.9146221706792, 178.16898723498812
2020-06-18, 198.42619404057984, 582.0919297897158, 1384.3317478562458, 176.8041874612555
2020-06-19, 198.43619404057984, 588.7241407146702, 1384.3377478562459, 176.8281874612555
2020-06-20, 198.44619404057983, 588.7361407146701, 1389.1365385642407, 174.87394563028244
2020-06-21, 199.7629361978499, 588.7481407146701, 1389.1425385642408, 172.28966412511227
2020-06-22, 199.7729361978499, 589.6817185042397, 1405.1168740846795, 175.8887277105511
2020-06-23, 200.23319282202138, 602.1122099097845, 1410.1920501572638, 172.23454953090808
2020-06-24, 199.77770419176218, 601.9615010731927, 1414.251462056398, 178.0007464980111
2020-06-25, 199.53803781092165, 608.4449080148875, 1410.0172394088158, 181.03868937476972
2020-06-26, 201.3258012134601, 608.4569080148874, 1403.0741905256118, 182.19753118332315
2020-06-27, 201.3358012134601, 606.411573822765, 1414.5040046138752, 182.22153118332315
2020-06-28, 201.76203439531272, 609.0413935499208, 1418.2152921134252, 182.24553118332315
2020-06-29, 200.0471368951206, 614.8942818963953, 1418.2212921134253, 188.34069518360735
2020-06-30, 198.63588767583116, 614.9062818963953, 1428.2956665922745, 192.43274075000352
2020-07-01, 198.64588767583115, 617.6233219661943, 1421.3192543622965, 197.10227600245574
2020-07-02, 198.3757607150152, 624.3848635859996, 1421.3252543622966, 193.4097736652366
2020-07-03, 198.38576071501518, 629.9596725384521, 1421.8516705078614, 192.92816602655458
2020-07-04, 201.15982631619286, 630.4800807529768, 1421.8576705078615, 196.77785764638398
2020-07-05, 199.95342045877214, 625.8629802576334, 1421.3165887464916, 196.80185764638398
2020-07-06, 200.72378864716805, 636.5613716080051, 1433.7599860742744, 200.22723497329042
2020-07-07, 200.7703349114473, 636.573371608005, 1425.7637503608098, 204.47678530163887
2020-07-08, 199.65627614659624, 645.3088594058794, 1417.2849078151269, 211.27016514344885
2020-07-09, 199.66627614659623, 646.1897728667664, 1410.6771098536733, 209.3988169624395
2020-07-10, 199.64613610495348, 644.8737013013546, 1421.9400303271213, 212.90440031156464
2020-07-11, 202.24984613820786, 642.3733938027917, 1421.9460303271214, 212.92840031156464
2020-07-12, 205.92789176444737, 645.9321285475963, 1421.6425668131953, 216.71554720191372
2020-07-13, 207.61645296891254, 645.9441285475963, 1430.117408488946, 220.42082507855756
2020-07-14, 207.75023785108317, 648.5200265994889, 1430.64569106389, 220.44482507855756
2020-07-15, 208.30384626049596, 648.5320265994889, 1423.2143295699823, 219.29578964667317
2020-07-16, 208.31384626049595, 655.3529480067012, 1423.2203295699824, 219.31978964667317
2020-07-17, 209.0302339617341, 651.4415112927923, 1424.991840602943, 219.34378964667317
2020-07-18, 207.10492321907537, 648.027942554305, 1435.7500944355538, 217.13184671949307
2020-07-19, 207.11492321907537, 648.5238716548615, 1444.5409400113604, 217.15584671949307
2020-07-20, 208.90762712994604, 654.2197803935447, 1443.1254832487966, 222.06605023480003
2020-07-21, 210.0020115420372, 661.7196268989951, 1443.1314832487967, 225.63421678324974
2020-07-22, 211.90796279040563, 661.4708838292671, 1453.5432697574104, 225.65821678324974
2020-07-23, 212.90134143004443, 659.3058588744741, 1454.2443223824928, 225.68221678324974
2020-07-24, 216.87500869166564, 672.8169713376922, 1457.771387590589, 228.26341799245117
2020-07-25, 220.21044178880211, 675.885718959677, 1472.7479200787623, 239.07480043092357
2020-07-26, 221.326854661533, 668.5027447348674, 1472.7539200787623, 236.9064179022543
2020-07-27, 221.33685466153298, 671.5819237059753, 1480.8213724787818, 242.60204754243304
2020-07-28, 221.34685466153297, 671.4409515377529, 1476.3775778403424, 245.15519385533364
2020-07-29, 220.04954663960282, 676.5727936763969, 1476.3835778403425, 248.69261649197182
2020-07-30, 220.4611018606361, 680.3932166111043, 1476.3895778403426, 248.8517727525681
2020-07-31, 220.47110186063608, 675.8786285536509, 1476.3955778403426, 249.09818174544748
2020-08-01, 220.48110186063607, 676.1952240136682, 1480.7074457449085, 251.52832018692305
2020-08-02, 219.35221239202576, 685.1862803230335, 1472.5593911691374, 254.3779270254502
2020-08-03, 219.41112040808005, 685.1982803230335, 1471.0447243424135, 250.10201348746298
2020-08-04, 219.42112040808004, 687.1193856937166, 1484.927932771185, 252.27871810603588
2020-08-05, 219.43112040808003, 678.9650329171885, 1478.2809720759979, 248.1705586806296
2020-08-06, 219.44112040808002, 677.6113038905004, 1485.0115320146524, 253.83451089328335
2020-08-07, 217.55276124954796, 677.6233038905003, 1476.6517035188533, 253.85851089328335
2020-08-08, 218.3780390907668, 677.6353038905003, 1476.3554083241943, 258.9930365159445
2020-08-09, 218.3880390907668, 682.1925211367395, 1476.3614083241944, 259.0170365159445
2020-08-10, 219.63221289976934, 676.3607624840338, 1484.4318623933034, 262.5716015787621
2020-08-11, 219.64221289976933, 676.3727624840337, 1484.4378623933035, 271.6097211339796
2020-08-12, 220.72334866583603, 680.7333065583528, 1485.051044836155, 284.3973431907409
2020-08-13, 220.73334866583602, 682.7345400602909, 1482.0572871521854, 284.4213431907409
2020-08-14, 221.01155185790049, 682.7465400602908, 1486.4216522203315, 282.1710942315074
2020-08-15, 222.74080369686646, 682.7585400602908, 1494.3420013437153, 294.4147714301739
2020-08-16, 224.0731314763063, 678.4322101725827, 1489.0244820578116, 294.4387714301739
2020-08-17, 225.60125359186253, 679.04450654567, 1481.2993371668267, 298.4457852968306
2020-08-18, 225.65518715200648, 679.0565065456699, 1488.4743617230995, 298.05019372743817
2020-08-19, 223.51901255095638, 686.4490127497965, 1501.069052776535, 299.9205756361294
2020-08-20, 223.68450160395787, 702.2352304114393, 1501.0750527765351, 307.9352926672202
2020-08-21, 221.97830914394405, 705.6736765529998, 1501.0810527765352, 306.3970090724293
2020-08-22, 225.65349397212893, 700.8582533444493, 1505.1791956137447, 299.3596437761999
2020-08-23, 225.76323942879426, 706.5112551915494, 1497.643762802909, 305.59288459611105
2020-08-24, 227.47565459954586, 706.5232551915493, 1497.649762802909, 308.5337900207766
2020-08-25, 228.8385021362835, 708.393870844918, 1497.6845381056776, 304.57851681022106
2020-08-26, 228.90788476783572, 705.5768952365939, 1500.3631880799626, 298.93981722652484
2020-08-27, 228.9288873682845, 707.1807820712701, 1502.6847426524248, 303.5508809716924
2020-08-28, 229.20517200432104, 711.8745897825763, 1502.690742652425, 305.20928889333936
2020-08-29, 228.81182267463078, 721.2235087415959, 1504.0893246947348, 311.1686642988278
2020-08-30, 229.5253489022814, 721.2355087415958, 1495.6254111025478, 312.1832839179832
2020-08-31, 229.53534890228138, 718.0963553330677, 1495.6314111025479, 307.16515474053637
2020-09-01, 229.54534890228138, 720.6290587714763, 1496.573442343255, 300.50389377328526
2020-09-02, 230.7872954963364, 730.8470674406296, 1498.2989992431728, 300.52789377328526
2020-09-03, 232.45159241624773, 726.786117484067, 1498.304999243173, 312.0781794046782
2020-09-04, 231.53380860654545, 736.720939576842, 1498.310999243173, 312.1021794046782
2020-09-05, 229.79768182999507, 736.8656121978717, 1497.0055895869693, 317.2111096452462
2020-09-06, 229.80768182999506, 736.8776121978716, 1488.9275278504922, 318.81417455976407
2020-09-07, 231.97306582399827, 736.8896121978715, 1500.6293967861225, 318.83817455976407
2020-09-08, 233.71526485542844, 729.1335522719941, 1500.1637890639747, 313.6648505909
2020-09-09, 235.652836934509, 727.279500005379, 1503.0741585049473, 320.19092337526916
2020-09-10, 237.91606719383066, 727.2915000053789, 1508.4890576903363, 313.2907833675321
2020-09-11, 237.92606719383065, 724.7199730151578, 1499.65909716738, 313.9754354632722
2020-09-12, 237.93606719383064, 721.4398016005912, 1513.083413284424, 313.32663982881036
2020-09-13, 238.77434177547863, 721.4518016005911, 1513.6043397797146, 309.26779014234415
2020-09-14, 238.4168745608135, 723.4533394258324, 1513.6103397797146, 309.29179014234415
2020-09-15, 238.18289439060914, 723.4653394258323, 1526.9964250231856, 309.31579014234416
2020-09-16, 239.5966846384204, 721.0539152522321, 1522.6863061203082, 312.34072505736026
2020-09-17, 241.97905021933664, 721.065915252232, 1538.9951296610875, 324.37347496643224
2020-09-18, 240.3466816550626, 721.077915252232, 1543.2826659153227, 334.6238696867244
2020-09-19, 242.08298395034322, 727.8012290057477, 1546.4563473394019, 348.2923982602106
2020-09-20, 242.84497397638393, 736.2305191367973, 1546.462347339402, 353.93624212606767
2020-09-21, 243.32597438264875, 736.2425191367972, 1551.9578586799082, 349.1592531834937
2020-09-22, 242.96748007828873, 741.0013223039997, 1560.4756428333174, 349.1832531834937
2020-09-23, 242.97748007828872, 733.0258125847954, 1560.4816428333174, 349.2072531834937
2020-09-24, 243.5017173608284, 733.269059827054, 1560.4876428333175, 343.90134295615303
2020-09-25, 241.65475760491992, 740.9836190196296, 1553.4158795020712, 346.2791512792302
2020-09-26, 244.86491450312624, 746.344979394311, 1553.4218795020713, 351.491938241602
2020-09-27, 245.06546204446107, 761.498004888849, 1549.6897160635233, 351.515938241602
2020-09-28, 243.62326134436782, 761.5100048888489, 1544.2719363786487, 353.3615221872957
2020-09-29, 243.7431550211093, 759.777470252834, 1535.6054669085588, 353.3855221872957
2020-09-30, 246.4968458032478, 762.8629586993327, 1535.611466908559, 354.42011670375837
2020-10-01, 246.50684580324778, 772.1349374154266, 1535.617466908559, 354.44411670375837
2020-10-02, 245.65443571739593, 774.855274709011, 1547.5352087463982, 356.4196130811936
2020-10-03, 246.52811762520486, 776.4620413219156, 1552.692626164647, 356.4436130811936
2020-10-04, 244.93581408306898, 782.2921890050733, 1552.698626164647, 349.4139202976587
2020-10-05, 245.0630765951074, 787.2009432455437, 1544.8355360691487, 351.6601654833041
2020-10-06, 245.07307659510738, 789.9393053193105, 1541.4122941836008, 354.3257085232719
2020-10-07, 245.08307659510737, 798.0506797701971, 1541.418294183601, 361.03507200063586
2020-10-08, 247.2883575900239, 789.5543735842266, 1552.549522727899, 361.05907200063587
2020-10-09, 247.12142987880767, 793.5358054888276, 1560.5702040492117, 363.0157501396992
2020-10-10, 247.13142987880767, 797.6649457499153, 1567.9828446912156, 371.76378530031815
2020-10-11, 247.14142987880766, 797.6769457499153, 1563.241846689111, 371.78778530031815
2020-10-12, 244.85370064282168, 794.6754351467556, 1563.2478466891112, 384.6899780429309
2020-10-13, 245.123309820096, 806.4230164281031, 1568.1537691926294, 384.7139780429309
2020-10-14, 245.31492792462456, 800.7647937249908, 1576.8454828668225, 376.529002358904
2020-10-15, 245.32492792462455, 800.7767937249907, 1576.8514828668226, 387.78713063318094
2020-10-16, 245.9110936195049, 793.7504677890154, 1573.3494535870248, 385.1036031828046
2020-10-17, 247.09767751425255, 788.6048040262177, 1573.3554535870248, 391.26870174094233
2020-10-18, 246.6281864874314, 784.5372491196171, 1573.361453587025, 389.6415445050905
2020-10-19, 249.0203333147428, 777.6524345387011, 1573.367453587025, 394.36474075577394
2020-10-20, 249.0303333147428, 773.760385332612, 1565.0348630119959, 395.25571514858814
2020-10-21, 249.3040718548748, 773.772385332612, 1576.6948087607716, 402.4177051837817
2020-10-22, 251.10405716267235, 773.6266475606072, 1576.7008087607717, 394.3375315639437
2020-10-23, 251.7815330852883, 783.2382801214296, 1576.8366514776371, 399.7471408679503
2020-10-24, 251.79153308528828, 783.2502801214296, 1586.8362713644876, 399.7711408679503
2020-10-25, 251.80153308528827, 776.941904747732, 1588.464997915646, 399.7951408679503
2020-10-26, 251.54965095043323, 785.1568705697313, 1588.4709979156462, 404.90329405484056
2020-10-27, 251.7460423584314, 785.3819359826247, 1585.8027837644254, 400.73086206905714
2020-10-28, 254.295266669425, 790.928896825537, 1585.8087837644255, 400.75486206905714
2020-10-29, 253.98980122453457, 807.2404727717415, 1577.8119546690937, 415.4376320536205
2020-10-30, 256.1379951111807, 811.8180218719067, 1574.654982802393, 415.4616320536205
2020-10-31, 258.3135378968679, 830.0321346244168, 1578.131900794837, 422.5161862153197
2020-11-01, 260.35483247793775, 821.8489598164081, 1578.4124106989782, 442.40510090264553
2020-11-02, 260.34243661609, 829.9759168988134, 1578.4184106989783, 442.42910090264553
2020-11-03, 260.35243661609, 829.9879168988133, 1586.7356941779276, 447.8662828745146
2020-11-04, 261.87729132826325, 830.4121817647068, 1587.3919375757137, 454.15632860115534
2020-11-05, 261.88729132826325, 825.4996597221678, 1579.2321821335909, 465.41388830963996
2020-11-06, 264.36696242128374, 826.5510435550952, 1596.8652143348802, 465.43788830963996
2020-11-07, 265.74590572186594, 840.7456279841253, 1593.1943996792293, 465.46188830963996
2020-11-08, 268.2992459114041, 840.7576279841253, 1593.2003996792293, 465.48588830963996
2020-11-09, 269.3063144749381, 840.7696279841252, 1585.699660012031, 468.9843246826383
2020-11-10, 269.3163144749381, 833.1221064626783, 1590.9953855112499, 489.5692641052204
2020-11-11, 268.85875990609225, 837.5278316062468, 1594.547212535833, 497.9230541354123
2020-11-12, 269.1700860672852, 837.9752267211624, 1594.5532125358332, 509.19080702584193
2020-11-13, 272.37340702772644, 837.9872267211623, 1586.5496568130227, 517.551270591889
2020-11-14, 272.37579239671646, 835.9103878897279, 1586.5556568130228, 531.314223200329
2020-11-15, 272.38579239671645, 828.3331387324673, 1586.5616568130229, 537.8152332260169
2020-11-16, 274.4573563116646, 827.16850038268, 1580.8827552095738, 545.5030119274622
2020-11-17, 279.89258928262893, 827.18050038268, 1580.888755209574, 552.2770434758336
2020-11-18, 281.33108840341583, 827.1925003826799, 1577.8284865540345, 558.5843247652682
2020-11-19, 283.1983815732083, 845.6805574228307, 1584.76882581641, 561.4996619652065
2020-11-20, 287.6771205384546, 845.6925574228306, 1578.3974291594857, 550.1134470905372
2020-11-21, 289.9995114632494, 838.2686488070165, 1580.1435060646418, 550.1144964510022
2020-11-22, 289.2059889899601, 850.2832080645646, 1574.1643964829912, 551.4848589226813
2020-11-23, 289.89843639030056, 858.2609821814646, 1587.8790251784806, 549.0838534835705
2020-11-24, 292.244516540952, 857.1366809070629, 1598.402640598423, 549.1078534835705
2020-11-25, 294.91722181033714, 855.55648954824, 1607.5756997353005, 554.1715791519775
2020-11-26, 294.92722181033713, 861.0354313423045, 1607.5816997353006, 554.1955791519775
2020-11-27, 299.37815803014695, 861.0474313423044, 1607.5876997353007, 554.2195791519775
2020-11-28, 301.9879445711203, 861.0594313423044, 1624.4873312127438, 560.7569901330604
2020-11-29, 303.6170101689438, 861.0714313423043, 1620.909366260297, 550.0425277873576
2020-11-30, 303.35802206267425, 861.0834313423043, 1620.915366260297, 550.0665277873576
2020-12-01, 302.1279398061021, 877.9207886411008, 1620.9213662602972, 557.9616854305988
2020-12-02, 306.28782007736726, 877.9327886411007, 1615.9473435318473, 564.1421918013395
2020-12-03, 307.62962778630333, 876.0249232445012, 1621.4853920915464, 571.7855366425922
2020-12-04, 309.91154082289387, 880.0675853092254, 1632.2263280662196, 571.8095366425922
2020-12-05, 308.73543115122106, 886.8045153004057, 1646.0648310025645, 564.7477257613855
2020-12-06, 313.24230725802727, 889.0293358816615, 1660.884255690311, 562.0428892488959
2020-12-07, 310.3376554445555, 899.3136554457453, 1672.7079725706726, 563.8672040862402
2020-12-08, 310.34765544455547, 901.5138536473171, 1681.556057214351, 567.5614813783626
2020-12-09, 310.35765544455546, 901.525853647317, 1681.5620572143512, 567.6359888998506
2020-12-10, 309.13279721136473, 901.537853647317, 1689.8837180033274, 562.3534342685791
2020-12-11, 314.260558698957, 892.9320222092515, 1701.5702707016642, 562.3774342685791
2020-12-12, 314.270558698957, 901.3974607150292, 1699.8269904189274, 587.3830330814078
2020-12-13, 314.280558698957, 900.6113551642451, 1704.897157810236, 588.6263015995474
2020-12-14, 314.290558698957, 900.623355164245, 1704.903157810236, 591.4485269068495
2020-12-15, 312.2593302543578, 900.635355164245, 1705.2855457316632, 591.4725269068495
2020-12-16, 312.2693302543578, 892.8557843810773, 1723.9756009861292, 609.3196807691263
2020-12-17, 310.8412037536221, 905.0931351880461, 1730.1194932244716, 596.9240644261533
2020-12-18, 313.6359916911235, 904.4964227865784, 1722.7840288026998, 609.8730926622321
2020-12-19, 316.2692110688211, 904.5084227865783, 1717.797841464425, 597.615526168322
2020-12-20, 316.889157964284, 899.2667472303244, 1713.9633744596522, 597.639526168322
2020-12-21, 319.21056764370945, 901.9474829238374, 1715.9555234727861, 624.6204378772369
2020-12-22, 321.3781778853455, 901.9594829238373, 1715.9615234727862, 625.5329028856222
2020-12-23, 320.77162511529815, 902.7309265533694, 1715.9675234727863, 636.2667026984263
2020-12-24, 321.59879777176985, 902.7429265533693, 1722.3338760946624, 629.7852907956022
2020-12-25, 321.60879777176984, 896.6372480731567, 1714.2993236461364, 629.8092907956022
2020-12-26, 320.5253512770066, 896.6492480731566, 1714.3053236461365, 629.8332907956022
2020-12-27, 326.21167094823767, 892.9773556491998, 1726.203080680903, 638.8284235855447
2020-12-28, 329.6351683531646, 888.6351535594258, 1729.5724411149547, 640.5005769292335
2020-12-29, 330.1287924895141, 888.6471535594258, 1729.5784411149548, 638.2676346046998
2020-12-30, 331.44481315759106, 890.740277692172, 1729.5844411149549, 638.2916346046998
2020-12-31, 331.9929268647326, 895.4993535629574, 1737.7374934774593, 638.3156346046998
2021-01-01, 334.26865990237394, 905.9146480700753, 1749.5374383320855, 651.8037006242092
2021-01-02, 335.597433646281, 904.8831519118937, 1750.2446874694529, 644.0218210608443
2021-01-03, 333.5650434522776, 908.5906486751284, 1750.250687469453, 650.9330773580048
2021-01-04, 335.0954572429585, 925.299831058637, 1752.4102577227304, 650.9570773580048
2021-01-05, 334.92525961891323, 914.9281002361198, 1742.8541626277781, 650.9810773580048
2021-01-06, 334.9352596189132, 931.4293526800493, 1742.4343545316492, 649.9070893340152
2021-01-07, 333.55972019060874, 931.4413526800492, 1742.4403545316493, 652.2758242073061
2021-01-08, 334.3097615977041, 931.4533526800492, 1742.4463545316494, 655.9573449272528
2021-01-09, 334.3197615977041, 931.4653526800491, 1738.3154598809563, 665.9298364719608
2021-01-10, 336.82981367704207, 942.0579071450543, 1742.0294881986517, 668.4189363135382
2021-01-11, 341.63048467707574, 948.8057602191064, 1762.3232258011967, 674.3845505944535
2021-01-12, 341.64048467707573, 956.2431700521743, 1779.9982855026683, 674.0018297592333
2021-01-13, 341.6504846770757, 961.3094766677492, 1789.3786151895783, 674.0258297592333
2021-01-14, 344.33950962104876, 964.3243147758526, 1789.3846151895784, 687.7791406018998
2021-01-15, 344.34950962104875, 972.7115905178212, 1795.2298494242834, 677.3178498059183
2021-01-16, 343.61775975419937, 972.7235905178211, 1787.823920894309, 677.3418498059183
2021-01-17, 345.2610239800358, 972.735590517821, 1792.608990467463, 689.0536841297499
2021-01-18, 342.433124455227, 972.8533229148364, 1806.1977771575303, 689.0776841297499
2021-01-19, 340.01443735022275, 972.8653229148364, 1816.3441430454795, 672.8714829793431
2021-01-20, 339.48134968308193, 968.923490371442, 1819.7982164780756, 702.7638958120168
2021-01-21, 339.4913496830819, 968.9354903714419, 1827.6452677414784, 702.7878958120168
2021-01-22, 336.3495437301789, 968.9474903714419, 1830.8973903648123, 734.0595588089295
2021-01-23, 334.04963380203515, 968.9594903714418, 1826.9605777953464, 721.1643436359745
2021-01-24, 338.488949401929, 973.3675730935587, 1828.729612930619, 721.1883436359745
2021-01-25, 336.79059812165804, 986.0605440942969, 1818.6029994814805, 721.2123436359745
2021-01-26, 336.800598121658, 996.6924858998015, 1818.6089994814806, 750.7886563101305
2021-01-27, 341.1787874526334, 996.7044858998014, 1818.6149994814807, 775.9951427658265
2021-01-28, 342.07190857123226, 1004.9089250625069, 1818.6209994814808, 783.3366442674414
2021-01-29, 344.04657496852286, 1000.4717631548461, 1828.5249318346043, 800.5403448596815
2021-01-30, 349.87556834934594, 1001.2632822975146, 1834.8352521767665, 800.5643448596815
2021-01-31, 349.88556834934593, 1005.3688296104461, 1838.4735051258556, 794.1019843127723
2021-02-01, 349.8955683493459, 1014.1227624500871, 1841.6358401783195, 818.1686151861787
2021-02-02, 348.8253229559619, 1014.2617224623699, 1849.2846750038852, 828.3812862440183
2021-02-03, 352.1031952171648, 1022.9708156509031, 1843.5915699702146, 847.3305798396074
2021-02-04, 357.41435476139753, 1022.1104210031683, 1838.652970653334, 847.4433424068568
2021-02-05, 357.4243547613975, 1026.3913021915953, 1838.658970653334, 866.1363863559684
2021-02-06, 357.4343547613975, 1026.4033021915952, 1858.5863770981025, 880.7981047622161
2021-02-07, 356.1901962840065, 1026.4153021915952, 1867.333821480093, 872.5354367806142
2021-02-08, 356.2001962840065, 1042.6106847154285, 1876.7166147614664, 867.9429678903698
2021-02-09, 356.79853405525097, 1054.6904346655265, 1884.431077685109, 867.9669678903698
2021-02-10, 353.6372425310653, 1057.8203736087157, 1888.511446124087, 902.0534096321504
2021-02-11, 353.6472425310653, 1063.594300045049, 1888.517446124087, 896.0182301323588
2021-02-12, 351.5717226807359, 1052.028080707467, 1888.523446124087, 896.0422301323588
2021-02-13, 351.61461301526407, 1042.2730679172632, 1883.4596476818942, 896.0662301323588
2021-02-14, 351.62461301526406, 1042.2850679172632, 1899.1830654523699, 889.789827326982
2021-02-15, 351.63461301526405, 1030.594557857025, 1902.8417330137006, 908.4187590908313
2021-02-16, 350.53213164986613, 1038.469568874373, 1895.7701824063831, 927.6306908659451
2021-02-17, 349.00583567457096, 1046.0073552287072, 1895.7761824063832, 925.027436741814
2021-02-18, 348.03231456445576, 1046.0193552287071, 1897.0422201139158, 907.3432539714181
2021-02-19, 345.581410511947, 1053.2081967263996, 1892.5020510315376, 910.743684417254
2021-02-20, 346.70945255226314, 1053.2201967263995, 1912.3178138795147, 925.1761825057758
2021-02-21, 345.5120331138213, 1071.9237039193574, 1901.2635409001407, 930.7675069021736
2021-02-22, 344.78069024806695, 1074.4324938142545, 1895.190015921336, 930.7915069021736
2021-02-23, 347.07628779460856, 1070.1521097463242, 1915.488341099422, 942.9163499146397
2021-02-24, 344.73577446544584, 1087.804638647041, 1915.4943410994222, 942.9403499146397
2021-02-25, 351.6143122854257, 1099.8417010134938, 1913.146920984069, 958.7852525080572
2021-02-26, 351.6243122854257, 1113.7361525580486, 1912.7496372438804, 968.8449274706686
2021-02-27, 350.49743160747573, 1113.7481525580486, 1912.7556372438805, 968.8689274706686
2021-02-28, 351.0009808871053, 1110.1404106051523, 1913.154598967281, 957.2530161103255
2021-03-01, 351.0109808871053, 1118.8012451880384, 1911.6706503007258, 957.2770161103255
2021-03-02, 351.0209808871053, 1118.8132451880383, 1911.676650300726, 969.0840130183681
2021-03-03, 351.72528346287856, 1126.0159381657418, 1911.682650300726, 993.1365002983054
2021-03-04, 348.2755896300323, 1144.7050744469461, 1910.8899117002518, 1028.4789898384809
2021-03-05, 348.6519725887656, 1164.2549542167465, 1921.0385755469547, 1042.5174477036135
2021-03-06, 348.6619725887656, 1164.2669542167464, 1943.557217325065, 1020.0004106407363
2021-03-07, 350.6361488865092, 1169.7002332341024, 1940.9857984718592, 1017.4859134676152
2021-03-08, 357.2833672456517, 1180.1056117575156, 1962.602520189768, 1017.5099134676152
2021-03-09, 357.9213974742484, 1168.0459946510425, 1962.6085201897681, 1033.6984610339618
2021-03-10, 359.5851035825798, 1160.1494129871328, 1962.6145201897682, 1025.0857130967254
2021-03-11, 359.5951035825798, 1162.0866582323572, 1972.9045666191919, 1036.6801474100296
2021-03-12, 358.1296638229015, 1164.1860253684094, 1985.172070211948, 1077.0297067467293
2021-03-13, 358.13966382290147, 1164.1980253684094, 1985.1780702119481, 1100.3543241493344
2021-03-14, 358.14966382290146, 1150.8124786303326, 1977.4596239024454, 1120.8068826494975
2021-03-15, 357.53026269263796, 1144.4773323416553, 1985.322601011953, 1144.5449717892946
2021-03-16, 357.54026269263795, 1144.4893323416552, 1993.5615685757375, 1190.693514902979
2021-03-17, 357.55026269263794, 1146.4760706626976, 1997.5783552020794, 1220.8808026995428
2021-03-18, 357.56026269263793, 1155.1532098179289, 1992.0865042484704, 1238.7597645442686
2021-03-19, 356.3949038013524, 1148.40530897309, 1992.0925042484705, 1238.7837645442685
2021-03-20, 356.4049038013524, 1159.9479507982558, 1999.93688976707, 1215.3012895819236
2021-03-21, 355.8442903081481, 1172.5998735511628, 1999.94288976707, 1245.50798739817
2021-03-22, 358.45066921043525, 1178.6068336356298, 2008.2814905585544, 1268.7798469804766
2021-03-23, 357.10299043746346, 1178.2662591956864, 2002.5587759787225, 1316.0977457605497
2021-03-24, 357.11299043746345, 1197.8059379678084, 2002.5647759787225, 1307.4429503867739
2021-03-25, 358.7226389617698, 1197.8179379678083, 2010.0513093987513, 1307.4669503867738
2021-03-26, 364.935890669497, 1197.8299379678083, 2021.5035001882463, 1285.0601147233954
2021-03-27, 364.945890669497, 1197.8419379678082, 2026.8912865229224, 1285.0841147233953
2021-03-28, 370.8111002194947, 1210.6049127561726, 2026.8972865229225, 1285.1081147233951
2021-03-29, 373.48047564131343, 1210.6169127561725, 2022.2657951614308, 1285.132114723395
2021-03-30, 372.620240322988, 1218.5044035784279, 2022.2717951614309, 1285.156114723395
2021-03-31, 373.36255332133163, 1214.5634987835622, 2026.443123003092, 1263.3219647324922
2021-04-01, 376.88046661320516, 1216.0646768725726, 2018.1915245899804, 1263.3459647324921
2021-04-02, 376.89046661320515, 1221.0802957781914, 2018.1975245899805, 1269.8358081984763
2021-04-03, 378.3748594858781, 1246.9271105752211, 2016.556685780143, 1271.0532346334062
2021-04-04, 378.3848594858781, 1245.7314132958065, 2033.0113037931512, 1306.4788638609577
2021-04-05, 381.8798621317861, 1246.2708475407144, 2033.0173037931513, 1303.1414334785754
2021-04-06, 383.5637046511542, 1274.627980028918, 2029.124429162442, 1321.8779586088567
2021-04-07, 385.4767267156905, 1269.6470498751048, 2047.9536185679326, 1321.9019586088566
2021-04-08, 389.967443565478, 1274.0344525269663, 2047.9596185679327, 1337.5033970029338
2021-04-09, 389.1694924250942, 1285.869054556869, 2046.846337120462, 1335.2247815427909
2021-04-10, 389.17949242509417, 1300.1879750441399, 2046.8523371204622, 1364.2256149880732
2021-04-11, 388.4561528808443, 1304.8406506287974, 2043.8743861912637, 1364.249614988073
2021-04-12, 387.417055995934, 1298.3476359384836, 2043.8803861912638, 1364.273614988073
2021-04-13, 389.38249783166503, 1308.7059311046444, 2050.476543976539, 1341.4148786240255
2021-04-14, 389.0526514046715, 1312.1755946676221, 2061.474798610148, 1341.4388786240254
2021-04-15, 394.517974345432, 1310.553077715626, 2076.694986325991, 1320.996928328396
2021-04-16, 394.52797434543197, 1310.5650777156259, 2073.037955869254, 1343.329438397706
2021-04-17, 395.88887328420884, 1315.303674371317, 2062.3675884051086, 1350.1674743046283
2021-04-18, 393.46001824522796, 1326.377029366552, 2066.7115539956267, 1350.1914743046282
2021-04-19, 398.93008574967257, 1352.550346399712, 2072.2877510745234, 1335.6113466738939
2021-04-20, 396.7831539686269, 1360.6861068805717, 2076.5393587191097, 1342.1926651543117
2021-04-21, 403.1722398972793, 1367.6568151192178, 2099.4776513694087, 1359.6047648559597
2021-04-22, 405.44555147417896, 1367.6688151192177, 2107.012602986134, 1378.0213475305225
2021-04-23, 405.45555147417895, 1381.7342560094712, 2125.5941715809204, 1384.2985533828412
2021-04-24, 405.46555147417894, 1374.6099770151654, 2129.311830998434, 1384.322553382841
2021-04-25, 407.2066710104199, 1362.436534609456, 2132.7090041565134, 1418.8839295687949
2021-04-26, 411.6797522864376, 1369.8023932080862, 2122.4754111019647, 1418.9079295687948
2021-04-27, 409.4800200499839, 1369.8143932080861, 2138.9538934261036, 1433.073862469422
2021-04-28, 412.6437443425335, 1369.826393208086, 2131.247476116344, 1467.9218877976512
2021-04-29, 412.6537443425335, 1374.0357506091916, 2143.989394848754, 1467.8216441946915
2021-04-30, 411.6348859170156, 1397.625538347037, 2141.5399763815935, 1494.1838808686057
2021-05-01, 413.48503282247697, 1396.2771476947635, 2137.698148412962, 1474.444693765349
2021-05-02, 414.77389495296404, 1396.2891476947634, 2137.704148412962, 1470.9213722247205
2021-05-03, 416.6346093986605, 1381.951933409989, 2148.40427557597, 1445.7804748676365
2021-05-04, 417.21869151855645, 1381.0454539483885, 2159.0073619299246, 1445.8044748676364
2021-05-05, 417.22869151855645, 1411.0462938887333, 2159.0133619299245, 1459.1008031802533
2021-05-06, 417.23869151855644, 1440.6254215230822, 2159.0193619299243, 1464.8928386537793
2021-05-07, 416.82758148634144, 1430.860381391283, 2162.6970280765527, 1485.5397636889234
2021-05-08, 416.83758148634143, 1422.7470881594452, 2156.0363937618945, 1485.5637636889232
2021-05-09, 420.4018737690799, 1423.9725114747212, 2166.4687957983206, 1513.0065918843304
2021-05-10, 417.2787284731883, 1433.1956447858934, 2166.4925511909687, 1509.7466921937335
2021-05-11, 414.1716504818171, 1440.2098215762753, 2165.0111478709555, 1565.3022311484272
2021-05-12, 415.33871649078077, 1429.6755445432104, 2165.0171478709553, 1530.255044887793
2021-05-13, 417.0347931211204, 1456.040996363325, 2188.0033714092688, 1526.9554329473108
2021-05-14, 417.0447931211204, 1456.0529963633248, 2195.672362469156, 1526.645912351869
2021-05-15, 415.4920073173646, 1442.6543246461174, 2185.222038895497, 1562.8922751688135
2021-05-16, 415.5020073173646, 1427.7735113709446, 2185.228038895497, 1573.0961450514576
2021-05-17, 422.2432869326219, 1440.1396843065475, 2194.6569307447326, 1599.7736375923207
2021-05-18, 418.9749503070161, 1440.1516843065474, 2206.773798028012, 1581.6931105821843
2021-05-19, 418.377710587131, 1459.9891717435219, 2194.4835035009773, 1617.5487175527953
2021-05-20, 418.56519204431373, 1461.8669024276035, 2198.490232141908, 1668.435709462749
2021-05-21, 414.44356322415086, 1479.1141957626821, 2201.707804333468, 1707.1924533975323
2021-05-22, 414.45356322415086, 1480.7193034254312, 2202.6644143398953, 1764.948696135202
2021-05-23, 410.39063375260105, 1478.817474823304, 2199.7164689396172, 1778.9855077646846
2021-05-24, 410.40063375260104, 1485.31347305925, 2208.9780964251268, 1822.781602633404
2021-05-25, 406.9787610268569, 1488.1354150425102, 2217.9711157483325, 1849.100376863547
2021-05-26, 406.9887610268569, 1500.4095150300518, 2217.9771157483324, 1867.4536014502075
2021-05-27, 412.0566063688363, 1500.4215150300518, 2241.3072941438713, 1888.593096176235
2021-05-28, 412.0666063688363, 1509.3536342428176, 2237.468643852215, 1888.6170961762348
2021-05-29, 414.2889421274897, 1503.5424385879708, 2235.2633815582008, 1850.1046032368506
2021-05-30, 415.70272243430617, 1518.0357535173705, 2235.2693815582006, 1839.2835958805406
2021-05-31, 411.8410378425824, 1531.0351555786417, 2231.9355591874796, 1839.3075958805405
2021-06-01, 413.1462547347129, 1531.0471555786417, 2222.9773603586455, 1903.4072146596652
2021-06-02, 410.88762098098437, 1533.4630923970972, 2225.643035432768, 1908.483217537807
2021-06-03, 419.0301831168725, 1546.5766457345446, 2225.649035432768, 1926.1992847366646
2021-06-04, 420.5872167982413, 1546.5886457345446, 2220.0998544171157, 1944.1867071365623
2021-06-05, 422.7206461245775, 1546.6006457345445, 2243.060544356184, 1948.0143994514228
2021-06-06, 422.3048374181437, 1562.1349087395433, 2267.6663370782817, 1912.0388496929577
2021-06-07, 422.31483741814367, 1596.9789096660286, 2276.397861310884, 1924.7485265216103
2021-06-08, 423.2517486525525, 1578.314697232593, 2286.0661996442454, 1948.5048821536259
2021-06-09, 423.2617486525525, 1578.326697232593, 2289.9886796383835, 1948.5288821536258
2021-06-10, 423.2717486525525, 1578.338697232593, 2301.4770391525185, 1948.5528821536257
2021-06-11, 419.4694613483435, 1594.9377919446035, 2301.4830391525184, 1948.5768821536255
2021-06-12, 419.4794613483435, 1612.275218614468, 2301.489039152518, 1981.7884634405282
2021-06-13, 422.7564888451634, 1593.6202444617606, 2328.728200090053, 1993.8148554619231
2021-06-14, 422.7664888451634, 1593.6322444617606, 2341.5255327042305, 1993.838855461923
2021-06-15, 425.7302173301798, 1601.6296787873032, 2341.5315327042304, 2062.0735313337723
2021-06-16, 422.0257297040098, 1600.2857177981866, 2341.53753270423, 2090.0638395465876
2021-06-17, 424.7355424626442, 1600.2977177981866, 2344.4704130477403, 2137.8696731863897
2021-06-18, 424.0310400406811, 1627.7118065473624, 2344.448419607582, 2137.8936731863896
2021-06-19, 422.9216454590159, 1621.7882632774777, 2344.4544196075817, 2116.004907044824
2021-06-20, 426.2178754625476, 1610.8673824450375, 2360.9300523168076, 2116.028907044824
2021-06-21, 423.76423375934013, 1612.9673048235077, 2367.992428925679, 2155.9316622818264
2021-06-22, 431.42522244714326, 1629.8095793837144, 2367.998428925679, 2128.2130121706355
2021-06-23, 432.7597731760362, 1612.8426967129317, 2368.004428925679, 2217.2051750949845
2021-06-24, 431.89991358549474, 1615.8445872520078, 2363.2453448698893, 2230.379755998796
2021-06-25, 431.90991358549473, 1615.8565872520078, 2354.9535815693234, 2184.194571648271
2021-06-26, 429.0851663951468, 1615.8685872520077, 2354.6336155622907, 2139.149701468197
2021-06-27, 429.0951663951468, 1596.5950054863608, 2345.665089039894, 2139.1737014681967
2021-06-28, 435.54773676460974, 1614.8384499475458, 2359.111967129878, 2178.12983431633
2021-06-29, 435.55773676460973, 1622.140308226327, 2377.5349417053517, 2275.7493321121947
2021-06-30, 442.4429259911425, 1624.4811318110114, 2377.5409417053515, 2275.7733321121946
2021-07-01, 443.72158013463843, 1610.7516131572986, 2379.3626936314463, 2275.7973321121945
2021-07-02, 447.6788804827596, 1610.7636131572986, 2407.754376181652, 2275.8213321121943
2021-07-03, 443.24244037299434, 1599.8304196773831, 2417.051117150401, 2299.31688487764
2021-07-04, 444.52407461903505, 1599.842419677383, 2431.319072803902, 2310.7673421842933
2021-07-05, 451.28233016035557, 1608.3229985463206, 2420.8824304396876, 2377.5857086127908
2021-07-06, 451.29233016035556, 1611.1392585861347, 2420.8884304396875, 2407.6239405379965
2021-07-07, 447.9060315281949, 1636.3323749529209, 2420.8944304396873, 2506.467118484825
2021-07-08, 452.57056317455584, 1636.4640757164902, 2433.4437277730344, 2529.2960591482442
2021-07-09, 460.4835708482234, 1617.7887294607058, 2420.594216115303, 2529.320059148244
2021-07-10, 464.17279670564835, 1633.8911158495023, 2427.0554392126414, 2529.344059148244
2021-07-11, 463.5863146564582, 1629.3563667145565, 2425.1911877209227, 2576.5540691323727
2021-07-12, 463.88687873470826, 1659.4018876316316, 2431.9125288753257, 2598.176676692881
2021-07-13, 459.74457600220603, 1661.8239325140103, 2439.8274888972273, 2598.429724294194
2021-07-14, 459.754576002206, 1679.0380270529276, 2439.833488897227, 2572.6011823286913
2021-07-15, 464.0139144065328, 1666.7030719011782, 2458.3828343824466, 2540.388113033437
2021-07-16, 466.38349755870115, 1647.8618064095112, 2470.7056045225045, 2543.9034493091194
2021-07-17, 470.08098313950023, 1630.266843753459, 2461.685576177673, 2543.9274493091193
2021-07-18, 474.13081088413196, 1630.278843753459, 2451.1083957064516, 2515.263798370349
2021-07-19, 474.87041330239515, 1634.5456332630552, 2452.5322510824094, 2515.287798370349
2021-07-20, 474.88041330239514, 1631.4323220352085, 2465.149173939596, 2556.293566485613
2021-07-21, 476.4258079805787, 1612.2042927672867, 2469.6880972748872, 2665.9995557448524
2021-07-22, 479.01884949589754, 1632.618747779818, 2469.694097274887, 2737.185710751421
2021-07-23, 481.59677397447894, 1640.526741066767, 2485.09742738772, 2737.209710751421
2021-07-24, 480.0679523244981, 1658.206833345224, 2486.2305401572444, 2763.181187250659
2021-07-25, 482.165324579591, 1648.4397440270022, 2496.725128195969, 2887.1614981106045
2021-07-26, 491.2052612687844, 1648.4517440270022, 2503.2332497735265, 2856.492763536537
2021-07-27, 490.4608101213031, 1630.5670756913075, 2503.2392497735264, 2813.5947392230064
2021-07-28, 491.6082248318782, 1640.4763938424853, 2516.587555340589, 2872.9064570695473
2021-07-29, 495.067138823949, 1620.9837714285302, 2516.593555340589, 2976.693796488261
2021-07-30, 495.077138823949, 1620.9957714285301, 2514.9593047732405, 2981.8893844549552
2021-07-31, 495.19743184005, 1644.1107976224027, 2500.2771897521757, 2981.913384454955
2021-08-01, 495.20743184005, 1653.7787911134367, 2500.2831897521755, 2949.2137374257177
2021-08-02, 495.21743184005, 1653.7907911134366, 2512.581828245863, 2913.6287606773626
2021-08-03, 504.4978694231567, 1647.0781515849103, 2521.162049259465, 2913.6527606773625
2021-08-04, 512.2700126584556, 1651.0613531253837, 2538.7364667701845, 2877.376623055206
2021-08-05, 514.8602417625865, 1638.2725277672096, 2538.7424667701844, 2883.658414262105
2021-08-06, 515.8822862740457, 1643.110341671777, 2534.7929811645777, 2862.4457319899075
2021-08-07, 517.9799311222326, 1643.122341671777, 2536.090579678447, 2862.4697319899074
2021-08-08, 517.9899311222326, 1634.7291947892375, 2546.3279058773824, 2837.4722209708775
2021-08-09, 513.3711942303305, 1626.7793636538481, 2532.1903607319277, 2778.1412463917327
2021-08-10, 513.7607837572823, 1645.6647242841632, 2537.841577307507, 2768.7111529704475
2021-08-11, 515.5134119179593, 1649.3533287316436, 2530.5395703604927, 2882.6743914378926
2021-08-12, 515.7005633799857, 1635.391242922997, 2535.8700050199363, 2939.946768586893
2021-08-13, 520.5591484821648, 1635.403242922997, 2538.804906293108, 2939.970768586893
2021-08-14, 520.8604495787973, 1635.4152429229969, 2539.5734232058444, 2947.4993885300296
2021-08-15, 525.9933434052022, 1635.4272429229968, 2539.5794232058443, 2952.6018356674044
2021-08-16, 526.0033434052021, 1629.9529019563333, 2561.854167316697, 2952.6258356674043
2021-08-17, 535.6528375422258, 1652.5480993452354, 2561.860167316697, 2915.8475787166963
2021-08-18, 535.6628375422258, 1654.263476461897, 2561.8661673166966, 2960.7503411259777
2021-08-19, 535.6728375422258, 1670.4037120814437, 2559.685709755028, 3091.409607846418
2021-08-20, 539.9713510279814, 1665.3674709464726, 2551.0960730567276, 3221.9294073112687
2021-08-21, 537.6384188345424, 1665.3794709464726, 2551.169361501751, 3221.9534073112686
2021-08-22, 539.7553311608143, 1665.3914709464725, 2536.3301118861477, 3299.002146840385
2021-08-23, 539.7653311608143, 1653.9152348026344, 2536.3361118861476, 3330.8138455907438
2021-08-24, 546.454651105781, 1688.1614640475448, 2535.3540033135955, 3360.9056276415877
2021-08-25, 546.464651105781, 1700.9125200278709, 2543.786477463221, 3360.9296276415876
2021-08-26, 545.1828897929389, 1688.5064492191837, 2549.216755094088, 3300.683805972058
2021-08-27, 543.7409036098105, 1680.7151509882308, 2549.222755094088, 3282.5289772957894
2021-08-28, 539.0304263461168, 1680.7271509882307, 2571.7003223701536, 3230.747202877334
2021-08-29, 543.3136624660369, 1689.2476084937914, 2574.5547298667034, 3180.017111615161
2021-08-30, 543.3236624660369, 1699.125446141733, 2574.5607298667032, 3208.6464602462106
2021-08-31, 543.3571488725139, 1699.1374461417329, 2571.9531854643697, 3208.6704602462105
2021-09-01, 550.6060773875661, 1698.6281053601292, 2585.8922585059963, 3191.3631695836457
2021-09-02, 550.6160773875661, 1708.4847339751627, 2588.9410945248746, 3334.811214333781
2021-09-03, 546.2982511876154, 1744.8093736640583, 2604.3556100194032, 3289.815149574306
2021-09-04, 545.0005343835481, 1732.6171076206188, 2616.8714643051644, 3310.7443767503137
2021-09-05, 546.4375093439621, 1736.9835468953515, 2607.0416458546106, 3379.135594290219
2021-09-06, 546.4475093439621, 1727.5764843006139, 2607.0476458546104, 3379.159594290219
2021-09-07, 548.1930618414871, 1738.0725264033715, 2614.6506225314147, 3362.240724048596
2021-09-08, 544.5389962209457, 1738.0845264033715, 2612.731071520334, 3297.5507052189546
2021-09-09, 545.0967286117046, 1719.5362076647834, 2621.1377855020082, 3370.369105793498
2021-09-10, 550.3300734748622, 1740.6632958567966, 2621.143785502008, 3370.393105793498
2021-09-11, 553.2590541472404, 1769.7506669800923, 2610.695539590982, 3327.198142593127
2021-09-12, 553.2690541472404, 1803.2327708071225, 2600.6694160682573, 3327.222142593127
2021-09-13, 558.2445637741687, 1804.9410573436453, 2612.275037331512, 3282.6671894045644
2021-09-14, 560.2707202319026, 1794.4951376318822, 2612.281037331512, 3351.189722164747
2021-09-15, 564.4955374603712, 1794.5071376318822, 2612.287037331512, 3474.2341595956905
2021-09-16, 559.9762824850054, 1794.5191376318821, 2611.383152342038, 3456.28013205945
2021-09-17, 554.7640073400303, 1793.4086738885983, 2612.4108972521985, 3466.511607932289
2021-09-18, 554.988794384835, 1793.4206738885982, 2612.4168972521984, 3401.2543662779285
2021-09-19, 554.1104460305838, 1795.9471996136049, 2623.697033234698, 3401.2783662779284
2021-09-20, 554.1204460305838, 1823.7177960068248, 2619.0093611427556, 3426.113728681509
2021-09-21, 558.0197648971905, 1808.6576030934211, 2633.9189872801876, 3364.3531280076963
2021-09-22, 557.9182369157925, 1818.8671565743996, 2633.9249872801875, 3435.001331328883
2021-09-23, 560.5918966294807, 1818.8791565743995, 2642.086446959324, 3395.611674883959
2021-09-24, 565.9558639660995, 1818.8911565743995, 2642.0924469593238, 3438.695455174206
2021-09-25, 572.0800572392848, 1818.9031565743994, 2642.0984469593236, 3438.719455174206
2021-09-26, 578.3178274315006, 1818.9151565743994, 2645.006929113158, 3425.094446730617
2021-09-27, 584.6640676595133, 1851.0990583449186, 2645.012929113158, 3425.1858942203794
2021-09-28, 584.6740676595133, 1842.0282726276641, 2653.737216492299, 3534.3346494301354
2021-09-29, 579.8614482472476, 1844.7210387231073, 2657.882749136913, 3472.9112740599517
2021-09-30, 583.5772616033967, 1866.0335687463037, 2657.888749136913, 3546.763847600415
2021-10-01, 583.9371125286663, 1866.0455687463036, 2657.8947491369127, 3546.787847600415
2021-10-02, 592.2100453803116, 1871.0057834623735, 2657.9007491369125, 3674.162183991929
2021-10-03, 592.2200453803116, 1869.4460557348957, 2673.674192884849, 3674.186183991929
2021-10-04, 589.4481786435558, 1897.6957377518756, 2673.680192884849, 3755.101016636231
2021-10-05, 594.3897509433484, 1890.6771375209912, 2661.3216295810057, 3776.652237063647
2021-10-06, 590.7949255363209, 1904.508447420088, 2666.0653079708995, 3776.676237063647
2021-10-07, 590.8049255363209, 1927.369565041379, 2663.325643085902, 3886.213577811113
2021-10-08, 589.6887023657121, 1927.381565041379, 2679.5201391550077, 3800.145450511593
2021-10-09, 589.0617354280665, 1941.9066461590485, 2679.5261391550075, 3802.1026013313726
2021-10-10, 591.5623734910027, 1955.1082845293151, 2664.730585847924, 3824.3657909729473
2021-10-11, 590.6971318387763, 1935.348650528641, 2672.045219693162, 3860.3795708236275
2021-10-12, 601.0991462244008, 1935.360650528641, 2662.599022368102, 3929.3684038995566
2021-10-13, 598.2255102496943, 1933.7136934121183, 2669.206688567352, 3929.3924038995565
2021-10-14, 598.2355102496942, 1951.5029896107017, 2664.075854453759, 4085.777780270611
2021-10-15, 600.0727493682575, 1951.5149896107016, 2651.8603160760617, 4178.789366537874
2021-10-16, 606.9302633415913, 1951.5269896107015, 2659.3411111085657, 4207.320971591557
2021-10-17, 606.9402633415913, 1950.7353529506545, 2680.7916920799216, 4207.344971591558
2021-10-18, 600.9785555188569, 1962.0723453800595, 2680.7976920799215, 4183.691897909718
2021-10-19, 601.2379726779421, 1991.7036435024731, 2683.638656247681, 4183.7158979097185
2021-10-20, 608.477296402878, 1970.6569038534506, 2669.4053287402753, 4356.809318665797
2021-10-21, 605.6230533275054, 1949.8304183418984, 2669.411328740275, 4421.416285049467
2021-10-22, 602.2412488078483, 1995.9681948300574, 2656.2737004665464, 4421.440285049467
2021-10-23, 597.1557857601331, 1995.9801948300574, 2684.635974796281, 4508.539972814062
2021-10-24, 601.7540399878654, 1995.9921948300573, 2684.641974796281, 4473.886009797355
2021-10-25, 601.7640399878654, 2000.4714501777878, 2696.2577440501886, 4473.910009797355
2021-10-26, 601.7740399878654, 2010.6690774733565, 2696.2637440501885, 4473.934009797355
2021-10-27, 608.1667200072643, 2038.3890311350933, 2696.2697440501884, 4417.912628280273
2021-10-28, 605.4784178448546, 2048.1758374870333, 2697.8113949380554, 4433.6051957164145
2021-10-29, 599.6735215276261, 2082.154535841331, 2725.5056822116735, 4433.629195716415
2021-10-30, 594.5839514653044, 2095.7539444229183, 2719.143145561975, 4433.653195716415
2021-10-31, 594.5939514653044, 2120.2677461990625, 2719.149145561975, 4587.875508833811
2021-11-01, 598.918171303756, 2120.2797461990626, 2710.6028860915044, 4563.509138976447
2021-11-02, 610.3354682127602, 2100.0592346230937, 2712.1681366246253, 4663.346524345616
2021-11-03, 613.7663702472382, 2112.691253167631, 2696.5469154114458, 4832.092189318525
2021-11-04, 613.7763702472382, 2115.9514196518776, 2714.623774532709, 4742.1397869997445
2021-11-05, 609.7580099020744, 2115.9634196518778, 2703.6385686603794, 4795.309477021904
2021-11-06, 616.7167702935826, 2159.21950904694, 2689.042968109403, 4705.131149506005
2021-11-07, 616.7690109730493, 2163.30251072719, 2692.698675114252, 4705.155149506006
2021-11-08, 620.3131376125405, 2163.3145107271903, 2715.0892124226893, 4841.286486589755
2021-11-09, 627.115608339016, 2186.8074481131475, 2714.7472951120817, 4950.0907728054635
2021-11-10, 631.8164255718036, 2211.0138064700313, 2714.7532951120816, 5059.0870491660335
2021-11-11, 631.8264255718036, 2211.0258064700315, 2698.8723171849574, 5163.810039887161
2021-11-12, 632.3099353191972, 2220.3334837993075, 2707.138847442767, 5196.678751874111
2021-11-13, 631.9598816323958, 2270.230585990479, 2705.4942068145006, 5150.856769182612
2021-11-14, 634.2563863735921, 2254.6131147588508, 2705.5002068145004, 5259.07108332046
2021-11-15, 644.9900221838917, 2255.0143518980467, 2736.5584589375603, 5220.646456543922
2021-11-16, 645.0000221838917, 2277.8442030919805, 2728.213945571251, 5309.061297972523
2021-11-17, 650.8619928818927, 2274.5789563675444, 2728.2199455712507, 5358.532127196492
2021-11-18, 656.8356425928599, 2298.974312190808, 2719.223167386296, 5358.5561271964925
2021-11-19, 669.721574028074, 2283.476316490622, 2711.0990210682658, 5437.093204839145
2021-11-20, 678.4077975926008, 2296.392358779768, 2742.5322082983084, 5520.737189219849
2021-11-21, 673.9358722441776, 2270.64976566516, 2770.116615782456, 5520.761189219849
2021-11-22, 668.6705758834017, 2253.6800557899114, 2765.741099494085, 5640.745504016169
2021-11-23, 669.6594179782694, 2277.8458287542885, 2766.381183962596, 5564.206546657601
2021-11-24, 669.6694179782694, 2257.767596654813, 2773.624355797796, 5476.102931846379
2021-11-25, 673.4169781507397, 2258.15804765554, 2801.6629952874764, 5571.33011382071
2021-11-26, 686.0391093924885, 2268.1095111130503, 2815.226964830133, 5685.2754110116575
2021-11-27, 689.6421540611387, 2284.7223791329448, 2818.298860638224, 5757.287283821103
2021-11-28, 689.933542200018, 2324.381012949909, 2818.304860638224, 5772.601206124856
2021-11-29, 693.8890871404022, 2329.4263834255644, 2806.8935458270503, 5742.477768981454
2021-11-30, 694.2297676680696, 2329.4383834255646, 2820.923667371552, 5826.810761641677
2021-12-01, 694.2397676680696, 2305.461175367508, 2820.9296673715517, 5889.324744093583
2021-12-02, 688.5067505964695, 2293.56548510542, 2828.6892129656326, 5828.2444004891
2021-12-03, 700.0314743090953, 2279.7813431701525, 2825.685080340848, 5885.054789413604
2021-12-04, 700.0414743090953, 2279.7933431701526, 2849.552264336139, 5885.078789413605
2021-12-05, 700.0514743090953, 2293.3592449406096, 2832.769817081828, 5885.102789413605
2021-12-06, 702.3622934524676, 2320.455294193291, 2832.775817081828, 5868.190199345995
2021-12-07, 702.3722934524676, 2336.1327324689, 2857.159792614843, 5902.006123909948
2021-12-08, 714.3281816785608, 2336.1447324689, 2865.0885392335617, 5944.540911335954
2021-12-09, 717.1428415100918, 2336.1567324689004, 2893.7605512583627, 6186.0783424184
2021-12-10, 722.9990651947163, 2350.943270487353, 2910.743552459487, 6296.037330055774
2021-12-11, 723.0090651947163, 2367.6051963178134, 2910.749552459487, 6467.945389212897
2021-12-12, 725.496266728605, 2363.881270274305, 2913.689711594491, 6594.95888990672
2021-12-13, 727.4964744684858, 2363.893270274305, 2913.695711594491, 6594.982889906721
2021-12-14, 727.5064744684857, 2371.113277283965, 2913.701711594491, 6595.006889906721
2021-12-15, 727.5164744684857, 2371.1252772839653, 2902.2926213515425, 6595.030889906721
2021-12-16, 727.6729866093185, 2406.0370631090686, 2916.411056494419, 6795.35566449201
2021-12-17, 728.1403235316155, 2434.1756217008738, 2916.417056494419, 6938.255358308866
2021-12-18, 727.8912647876045, 2431.9245468078366, 2916.4230564944187, 6938.279358308866
2021-12-19, 734.1891966059105, 2488.5008909119715, 2916.4290564944185, 6877.393931825062
2021-12-20, 728.6069983335341, 2488.5128909119717, 2916.4350564944184, 6877.417931825063
2021-12-21, 733.0149591605256, 2528.0689134469785, 2938.632504750443, 6925.804213603277
2021-12-22, 733.0249591605256, 2530.52793904039, 2938.6385047504427, 7004.995166620795
2021-12-23, 727.6048344465429, 2500.7566826415855, 2948.310668964307, 7005.019166620796
2021-12-24, 734.5646719024458, 2493.1203957921293, 2948.9205848838214, 7127.052704420344
2021-12-25, 735.9369861454522, 2472.795250707452, 2935.576241498215, 7127.076704420344
2021-12-26, 748.8834090933003, 2487.0063413177027, 2935.582241498215, 7151.989342894929
2021-12-27, 754.1667502657286, 2491.7895549192244, 2946.5079304888627, 7233.942255988539
2021-12-28, 753.7535459377486, 2530.0252580164542, 2951.19800842902, 7233.966255988539
2021-12-29, 753.7635459377486, 2530.0372580164544, 2951.2040084290197, 7083.386563057015
2021-12-30, 753.7735459377486, 2543.828276741033, 2940.3814280589677, 7036.768118255576
2021-12-31, 753.7835459377486, 2543.840276741033, 2940.3874280589675, 7119.912308655636
2022-01-01, 756.9409253456422, 2546.3871388183484, 2931.8316054655884, 7185.466489015344
2022-01-02, 756.9509253456422, 2549.81393116617, 2914.4137293836593, 7138.19253939327
2022-01-03, 752.8863605419576, 2549.82593116617, 2914.419729383659, 7091.313343795722
